<?xml version="1.0" encoding="UTF-8"?>
<project-private xmlns="http://www.netbeans.org/ns/project-private/1">
    <editor-bookmarks xmlns="http://www.netbeans.org/ns/editor-bookmarks/2" lastBookmarkId="0"/>
    <open-files xmlns="http://www.netbeans.org/ns/projectui-open-files/2">
        <group>
            <file>file:/Users/nadia/Downloads/furever_home/src/user_pages/newPopUp.java</file>
            <file>file:/Users/nadia/Downloads/furever_home/src/koneksi/koneksi.java</file>
            <file>file:/Users/nadia/Downloads/furever_home/src/user_pages/User_Session.java</file>
            <file>file:/Users/nadia/Downloads/furever_home/src/user_pages/Filter.java</file>
            <file>file:/Users/nadia/Downloads/furever_home/src/user_pages/User_Homepage.java</file>
            <file>file:/Users/nadia/Downloads/furever_home/src/user_pages/User_SignUp.java</file>
        </group>
    </open-files>
</project-private>
