<?xml version="1.0" encoding="UTF-8"?>
<project-private xmlns="http://www.netbeans.org/ns/project-private/1">
    <editor-bookmarks xmlns="http://www.netbeans.org/ns/editor-bookmarks/2" lastBookmarkId="0"/>
    <open-files xmlns="http://www.netbeans.org/ns/projectui-open-files/2">
        <group>
            <file>file:/D:/REGGIE/Programming/Java%20Projects/PBO%20Final%20Project/furever_home/src/user_pages/User_Login.java</file>
            <file>file:/D:/REGGIE/Programming/Java%20Projects/PBO%20Final%20Project/furever_home/src/admin_pages/Admin_Homepage.java</file>
        </group>
    </open-files>
</project-private>
