<?xml version="1.0" encoding="UTF-8"?>
<project-private xmlns="http://www.netbeans.org/ns/project-private/1">
    <editor-bookmarks xmlns="http://www.netbeans.org/ns/editor-bookmarks/2" lastBookmarkId="0"/>
    <open-files xmlns="http://www.netbeans.org/ns/projectui-open-files/2">
        <group>
            <file>file:/C:/Angel.%20N/University/2nd%20Semester/OOP%20-%20PBO/Extras/Tentier%20UTS%2019%20Mar%202024/Fur_ever/src/Home/koneksi.java</file>
            <file>file:/C:/Angel.%20N/University/2nd%20Semester/OOP%20-%20PBO/Extras/Tentier%20UTS%2019%20Mar%202024/Fur_ever/src/Home/Admin_homepage.java</file>
            <file>file:/C:/Angel.%20N/University/2nd%20Semester/OOP%20-%20PBO/Extras/Tentier%20UTS%2019%20Mar%202024/Fur_ever/src/Home/Admin_request.java</file>
        </group>
    </open-files>
</project-private>
